{
  "hash": "ae3239e4",
  "configHash": "89e7ccd9",
  "lockfileHash": "6a78e780",
  "browserHash": "1adf9ae7",
  "optimized": {
    "@angular/common": {
      "src": "../../../../../../node_modules/@angular/common/fesm2022/common.mjs",
      "file": "@angular_common.js",
      "fileHash": "dea76b7b",
      "needsInterop": false
    },
    "@angular/common/http": {
      "src": "../../../../../../node_modules/@angular/common/fesm2022/http.mjs",
      "file": "@angular_common_http.js",
      "fileHash": "f2dba30b",
      "needsInterop": false
    },
    "@angular/core": {
      "src": "../../../../../../node_modules/@angular/core/fesm2022/core.mjs",
      "file": "@angular_core.js",
      "fileHash": "2f3abb83",
      "needsInterop": false
    },
    "@angular/forms": {
      "src": "../../../../../../node_modules/@angular/forms/fesm2022/forms.mjs",
      "file": "@angular_forms.js",
      "fileHash": "ca9aa42c",
      "needsInterop": false
    },
    "@angular/platform-browser": {
      "src": "../../../../../../node_modules/@angular/platform-browser/fesm2022/platform-browser.mjs",
      "file": "@angular_platform-browser.js",
      "fileHash": "d7ffcf44",
      "needsInterop": false
    },
    "@angular/router": {
      "src": "../../../../../../node_modules/@angular/router/fesm2022/router.mjs",
      "file": "@angular_router.js",
      "fileHash": "22c6c26d",
      "needsInterop": false
    },
    "rxjs": {
      "src": "../../../../../../node_modules/rxjs/dist/esm5/index.js",
      "file": "rxjs.js",
      "fileHash": "08a895c3",
      "needsInterop": false
    },
    "zone.js": {
      "src": "../../../../../../node_modules/zone.js/fesm2015/zone.js",
      "file": "zone__js.js",
      "fileHash": "3ce1fea9",
      "needsInterop": true
    }
  },
  "chunks": {
    "chunk-HH7VHSRV": {
      "file": "chunk-HH7VHSRV.js"
    },
    "chunk-LSVIF5KG": {
      "file": "chunk-LSVIF5KG.js"
    },
    "chunk-4OSHMCG2": {
      "file": "chunk-4OSHMCG2.js"
    },
    "chunk-RDHXSB74": {
      "file": "chunk-RDHXSB74.js"
    },
    "chunk-ZVDZKNJT": {
      "file": "chunk-ZVDZKNJT.js"
    },
    "chunk-RSS3ODKE": {
      "file": "chunk-RSS3ODKE.js"
    },
    "chunk-WDMUDEB6": {
      "file": "chunk-WDMUDEB6.js"
    }
  }
}